{
  "name": "hazimete",
  "title": "ハジメテ島の冒険",
  "description": null,
  "version": "1.0.0",
  "minimumCoreVersion": "0.0.0",
  "compatibleCoreVersion": "1.0.0",
  "scripts": [],
  "esmodules": [],
  "styles": [],
  "packs": [],
  "languages": [],
  "authors": [],
  "keywords": [],
  "socket": false,
  "url": "",
  "manifest": "",
  "download": "",
  "license": "",
  "readme": "",
  "bugs": "",
  "changelog": "",
  "background": "",
  "system": "dnd5e",
  "coreVersion": "0.7.8",
  "systemVersion": "1.2.0",
  "nextSession": "1970-01-01T00:00:00.000Z",
  "availability": 0,
  "unavailable": false
}